COACH_ID,COACH_NAME,COACH_PHONE,COACH_AGE,COACH_ADDRESS,COACH_GENDER
1,Hillery McCauley,+62-617-295-1337,37,8 Buhler Alley,Male
2,Theodor Dancy,+86-866-286-4996,23,75218 Corscot Pass,Male
3,Jennica Raeburn,+63-371-178-0729,39,540 Bowman Center,Female
4,Arlen Peete,+84-361-454-5886,40,1980 Packers Way,Male
5,Parsifal Kobiera,+62-206-361-1057,21,45 Rieder Hill,Male
6,Kaycee Thrussell,+592-589-614-0513,33,9323 Hoepker Crossing,Female
7,Say Whal,+51-100-455-6223,30,5523 Jana Circle,Male
8,Claretta Clatworthy,+41-496-358-8838,38,52804 Scofield Hill,Female
9,Eugenio Braycotton,+62-774-698-7837,42,099 Monterey Center,Male
10,Haslett Brice,+57-499-553-6959,24,1 Washington Alley,Male
11,Reyna Jouanet,+54-582-104-8820,35,484 Lotheville Avenue,Female
12,Adan Jacquest,+1-425-356-9000,40,9644 Lakewood Terrace,Male
13,Marv Foottit,+46-574-140-0958,26,7 Southridge Parkway,Male
14,Abdel Bertrand,+48-939-295-5850,29,97519 Jana Way,Male
15,Parrnell Kinane,+81-161-675-3525,41,6 East Alley,Male
16,Garey Gisbourn,+7-481-888-6229,21,66 Warbler Road,Male
17,Powell Catenot,+48-576-593-9640,23,34870 Fieldstone Road,Male
18,Teodor Izkovitz,+48-245-434-0657,39,930 Surrey Avenue,Male
19,Timothea Frigot,+62-658-733-9619,21,4952 Nelson Trail,Female
20,Birch Branscombe,+86-611-386-0541,34,33 Waywood Place,Male
21,Halli Stannah,+86-984-994-1126,21,7 Lindbergh Pass,Female
22,Ekaterina Lewson,+1-360-184-8608,29,2 Armistice Hill,Female
23,Delila Lawlie,+86-137-140-4153,22,0 Logan Drive,Female
24,Carlene Endersby,+86-351-427-1499,36,0497 Doe Crossing Pass,Female
25,Jillana Prosser,+33-565-601-7252,33,94 Eggendart Way,Female
26,Jerald Christer,+86-497-562-0970,45,996 Dexter Street,Male
27,Obediah King,+55-701-944-1740,41,699 Northview Avenue,Male
28,Jeanette Denning,+93-895-734-5813,36,00480 Pine View Crossing,Female
29,Shadow Cottel,+7-473-433-1491,40,90874 Duke Hill,Male
30,Aline Lees,+33-143-900-9571,32,4693 Cherokee Junction,Female
31,Shelby Bissiker,+351-557-676-5318,31,315 Buhler Circle,Male
32,Cheslie Noel,+7-659-580-4160,26,9 Evergreen Terrace,Female
33,Bird Gatenby,+86-440-540-1661,20,69 Sundown Alley,Female
34,Palmer Hattrick,+86-161-563-3066,28,269 Swallow Trail,Male
35,Elisabetta Loxston,+7-424-241-5016,40,9754 Butterfield Junction,Female
36,Meade Sweed,+591-456-666-4159,32,7 Anniversary Way,Male
37,Desi Outram,+351-206-699-6654,22,85042 Norway Maple Plaza,Male
38,Amye Extil,+1-443-415-6838,25,15 Banding Parkway,Female
39,North Macci,+961-695-928-9340,38,45042 Blackbird Trail,Male
40,Bertine Elsie,+48-752-353-9321,26,7756 Arrowood Lane,Female
41,Chilton Pixton,+33-957-529-2125,29,9 Manufacturers Avenue,Male
42,Johnny Beaze,+86-120-613-7822,29,36 Browning Drive,Male
43,Luis McAlpin,+52-998-676-8424,37,6335 Jay Parkway,Male
44,Jennine Featherbie,+1-402-109-5758,22,8206 Dayton Parkway,Female
45,Kimbell Lonergan,+86-786-913-3076,33,6 Stephen Circle,Male
46,Taber Danbye,+57-373-801-1673,41,4 Roxbury Terrace,Male
47,Jacquenetta Petschelt,+976-407-163-4893,26,9 Laurel Road,Female
48,Sileas Benjamin,+86-211-583-7115,20,78 Armistice Crossing,Female
49,Kittie Brumhead,+52-716-960-7419,32,3099 Clove Court,Female
50,Betteann Hallihane,+86-320-817-4125,28,89 Tomscot Crossing,Female
51,Waylen Duffitt,+7-374-912-1117,39,66 Autumn Leaf Court,Male
52,Leora Speere,+48-207-274-8753,30,0202 Weeping Birch Avenue,Female
53,Ricky Thompson,+84-659-242-8435,22,502 Swallow Trail,Female
54,Kaila Dyte,+7-349-351-5864,42,6 Nova Drive,Female
55,Donia Birdwhistle,+86-424-161-6983,29,7681 Roth Parkway,Female
56,Koressa Lyndon,+380-943-662-1877,45,73 Del Sol Lane,Female
57,Leeanne Roggerone,+86-760-750-1621,24,54 Summerview Point,Female
58,Catherina Rigler,+62-921-403-8532,40,77965 Saint Paul Place,Female
59,Bob Hulmes,+62-471-962-2538,36,44 Vermont Hill,Male
60,Mandel Peel,+55-404-845-0357,43,1 Dovetail Lane,Male
61,Derby Tesche,+63-988-733-2938,30,52 Northwestern Court,Male
62,Carley Sellek,+57-133-492-1591,41,9671 Monterey Place,Female
63,Guillermo Fillary,+86-936-543-4569,31,97090 Alpine Avenue,Male
64,Lew Manueau,+970-153-993-6972,25,8 Mallard Crossing,Male
65,Sandro Whodcoat,+86-635-240-4956,42,79 Johnson Pass,Male
66,Marlee Sherbourne,+1-650-702-3405,36,9 Johnson Place,Female
67,Roselia Legging,+33-350-610-8337,20,66 Bay Place,Female
68,Perceval Brunning,+7-737-800-9158,45,1 Hudson Center,Male
69,Filberto Rainsdon,+46-158-355-8137,43,5902 Glendale Parkway,Male
70,Milena Gianotti,+86-935-134-4335,39,75871 Green Hill,Female
71,Tomas Broyd,+7-692-754-8081,26,106 Mayer Plaza,Male
72,Bearnard Bowkett,+52-812-562-2079,23,47613 Crownhardt Drive,Male
73,Filmore Derye-Barrett,+46-586-864-9975,28,71 Pepper Wood Terrace,Male
74,Jim Allenby,+967-719-380-8744,41,28 Kipling Place,Male
75,Skipper Keoghane,+223-366-883-9061,23,7081 Jana Street,Male
76,Trumann Borley,+86-895-379-0603,37,9 Grover Park,Male
77,Patric Gorring,+1-889-341-8959,21,28 Towne Street,Male
78,Egon Gilchriest,+62-370-419-4468,25,2397 Melby Point,Male
79,Burnard Diaper,+86-444-644-3929,25,4 Sunfield Terrace,Male
80,Sheridan Tomalin,+55-257-526-8530,36,0 Surrey Street,Male
81,Iver Kincade,+86-930-783-1794,37,54 Moose Street,Male
82,Grace Sipson,+351-752-710-5462,31,8 Susan Place,Female
83,Clayborn Constance,+1-206-570-8834,42,5249 Charing Cross Pass,Male
84,Evin Camings,+86-596-115-4525,31,22385 Knutson Circle,Male
85,Berton Oughton,+7-984-767-1621,33,0820 Bayside Alley,Male
86,Clyve Ellens,+51-902-620-5200,25,060 Fisk Park,Male
87,Bat Ascrofte,+86-517-909-7073,23,55508 Sycamore Pass,Male
88,Enrique Daykin,+86-387-750-9072,38,833 Carpenter Court,Male
89,Brendin Huyhton,+7-844-376-8600,43,52 Delaware Court,Male
90,Northrup Boothman,+233-162-515-8495,45,0 Westend Parkway,Male
91,Ferdinand Eversfield,+7-940-482-8961,32,0779 Marquette Hill,Male
92,Darsie Kneale,+62-360-163-5258,42,2490 Troy Parkway,Female
93,Dorie Dearden,+86-510-752-1764,35,2 Buell Center,Male
94,Shayna Carver,+86-436-710-4355,28,801 Independence Terrace,Female
95,Avivah Mcsarry,+387-995-453-2984,20,06 Lighthouse Bay Street,Female
96,Brietta Greaser,+86-566-418-2178,23,0 Steensland Plaza,Female
97,Matias Veschambre,+86-176-834-5136,36,2 Corben Terrace,Male
98,Waly Boggish,+86-330-841-6569,39,405 Sherman Point,Female
99,Shoshanna Stert,+967-885-210-7117,29,065 Roxbury Street,Female
100,Tillie Abramsky,+86-432-303-8690,31,22138 Montana Pass,Female
101,Tanny Rankmore,+62-256-614-4171,24,33269 Stuart Place,Male
102,Kiersten Sidlow,+86-631-356-9781,32,6 Old Gate Way,Female
103,Martie Woodruff,+232-807-343-5156,28,9787 Buell Circle,Female
104,Juliana MacKeig,+374-813-342-1090,40,42 Dahle Park,Female
105,Ealasaid Eyles,+62-617-343-5025,24,58825 Portage Drive,Female
106,Gibby Tremelling,+257-633-408-4168,20,96 Shelley Center,Male
107,Cullan Small,+232-687-313-4940,31,2914 Prairie Rose Junction,Male
108,Benni Rigmond,+86-714-251-0284,39,40359 School Trail,Female
109,Aileen Prendergrast,+226-843-951-5429,40,9374 Hintze Drive,Female
110,Fedora Dreinan,+48-970-473-0539,39,7157 Hallows Parkway,Female
111,Aigneis Armit,+86-916-227-7396,25,02 Twin Pines Way,Female
112,Tull Werner,+86-599-299-2204,31,83040 Comanche Circle,Male
113,Bidget Malan,+62-585-134-2956,32,44 Nevada Circle,Female
114,Lezley Cooney,+261-313-622-9701,40,205 Sage Hill,Male
115,Meggie Osgood,+30-644-572-2502,41,0339 Cambridge Alley,Female
116,Homerus Mathely,+1-209-773-7516,29,19 Jenna Lane,Male
117,Brigitte Hughesdon,+86-371-411-9507,30,16 Tennyson Court,Female
118,Mayor Dolby,+351-943-333-1801,21,735 Dexter Hill,Male
119,Kala Kobelt,+54-967-555-4542,40,4008 Clemons Road,Female
120,Genna MacDearmaid,+86-494-189-9061,36,414 Hudson Center,Female
121,Barthel Tieraney,+86-957-577-4230,26,0833 Fremont Drive,Male
122,Cross Trevain,+95-117-551-7395,41,5 Shoshone Trail,Male
123,Wendell Road,+30-208-766-1517,44,65676 Everett Parkway,Male
124,Mohandis Godar,+66-974-614-7922,31,5 Reindahl Avenue,Male
125,Jeffrey Gerant,+92-814-931-4766,39,64 Summit Road,Male
126,Corny Hayles,+374-276-689-8713,30,38566 Stang Street,Female
127,Cristobal Vickar,+963-727-997-2950,38,1325 Thackeray Drive,Male
128,Tiebout Skoof,+86-763-630-8980,35,0482 Brown Place,Male
129,Lilla Wimpey,+387-146-489-2855,31,0 Fuller Plaza,Female
130,Rosene Farquarson,+86-598-414-7894,42,54 Dakota Plaza,Female
131,Audie Zieme,+63-487-412-7438,28,0943 Hollow Ridge Way,Female
132,Marget Havvock,+33-716-142-8192,23,895 Emmet Parkway,Female
133,Barbabas Carren,+48-283-902-2867,40,91050 Mandrake Road,Male
134,Filippo Lindenfeld,+62-921-143-6811,25,18 Crescent Oaks Park,Male
135,Jaquenette Featonby,+58-342-219-4813,37,80686 Barby Place,Female
136,Lilla Hawthorn,+966-650-798-6054,30,5729 Lakewood Pass,Female
137,Bartlett Guinan,+55-735-966-3515,35,683 Green Ridge Trail,Male
138,Teodoro Bodham,+967-883-845-0923,36,2 Westerfield Point,Male
139,Dolly Chastel,+7-575-215-0078,20,5 Moulton Alley,Female
140,Barby Gawler,+63-222-384-4333,44,4221 4th Trail,Female
141,Dre Janodet,+505-673-485-5119,28,2883 Green Street,Female
142,Leoine Macro,+86-467-259-5087,44,758 Bowman Drive,Female
143,Jessey Real,+880-370-545-0650,36,90 Leroy Road,Male
144,Magnum Tocque,+86-191-363-4159,42,92402 Rusk Road,Male
145,Jennifer Challender,+86-359-315-2449,39,03431 Nevada Plaza,Female
146,Phoebe Sicha,+63-884-457-9851,37,72327 8th Parkway,Female
147,Zitella Murfett,+86-740-221-9287,43,12750 Eastwood Hill,Female
148,Sibbie Alam,+46-121-115-7432,44,67 Tomscot Crossing,Female
149,Leslie Leftly,+1-571-843-1951,26,0 Raven Circle,Male
150,Maryrose Finney,+66-735-277-7380,31,209 Larry Point,Female
151,Gualterio Rumbelow,+994-433-472-8555,40,43525 Aberg Center,Male
152,Kalindi Taylor,+967-525-928-0798,25,73472 Caliangt Parkway,Female
153,Carry Djorvic,+507-288-512-3652,44,2745 Fieldstone Terrace,Female
154,Rooney Chilver,+86-807-567-8480,24,21829 Kingsford Place,Male
155,Clemente Romer,+7-464-948-0213,32,28 Morning Parkway,Male
156,Domenico Sandercock,+380-531-774-0111,22,77646 Ramsey Drive,Male
157,Doy Wilkenson,+48-183-277-6762,25,35854 Oakridge Parkway,Male
158,Ashlee Hinksen,+63-806-979-2784,36,98862 Dixon Park,Female
159,Lillis Brosio,+212-770-567-3965,23,4 Coolidge Parkway,Female
160,Malina Mahaddy,+86-818-337-4816,36,90 8th Lane,Female
161,Larisa Reiling,+52-847-748-4111,28,7847 Spaight Drive,Female
162,Goddart Briskey,+86-559-378-2629,28,70 Clarendon Place,Male
163,Odetta Stollhofer,+880-292-114-2439,21,8712 Swallow Alley,Female
164,Wit Aberhart,+86-103-354-1676,21,1321 Stang Junction,Male
165,Jocelin Smail,+593-172-723-7099,28,7 Eastwood Hill,Female
166,Gwyn Tallow,+7-254-643-7907,36,1 Corscot Terrace,Female
167,Iosep Glidden,+62-200-876-4642,36,3996 Beilfuss Trail,Male
168,Phylis Dunford,+86-941-676-0072,22,79290 Milwaukee Parkway,Female
169,Lindon Dockwra,+62-217-130-6014,24,439 Pierstorff Court,Male
170,Dominik Skingley,+33-132-304-5648,21,3 Shelley Pass,Male
171,Ronny Stanistreet,+237-208-397-6357,39,02672 4th Plaza,Female
172,Inger Noweak,+48-633-927-9953,26,44 Eastwood Crossing,Female
173,Pacorro Bines,+51-628-295-9288,29,99319 Namekagon Alley,Male
174,Dinny Siddeley,+853-392-565-0392,29,510 Merchant Crossing,Female
175,Vern Oakeshott,+86-697-823-7464,37,04349 Wayridge Crossing,Male
176,Orville Trevascus,+48-987-389-4099,34,8350 Moland Center,Male
177,Eddy Turneaux,+63-261-381-3488,35,94 Scofield Center,Female
178,Titos Baldocci,+7-974-250-9760,37,9 Aberg Pass,Male
179,Alric Reditt,+62-436-705-1809,38,9426 Eastwood Plaza,Male
180,Sheilah Palfreman,+55-622-453-6336,30,5 Summit Drive,Female
181,Ewart Chedzoy,+86-996-969-2518,22,2444 Walton Trail,Male
182,Adamo Bronot,+351-197-969-7358,23,90 Harbort Junction,Male
183,Lira Boreland,+63-967-585-6487,39,96 Derek Terrace,Female
184,Marinna Gayden,+591-822-536-5710,44,5 Shopko Street,Female
185,Nonah Darrington,+374-628-780-7081,44,7 Forest Dale Way,Female
186,Zachery Loughren,+380-146-179-5739,39,05426 Manitowish Plaza,Male
187,Brianna Brandham,+46-716-770-9145,43,3 Union Point,Female
188,Fred Heggman,+1-520-367-0417,29,4 Eggendart Point,Male
189,Jemimah Silvers,+7-850-435-8825,28,7441 Fairfield Crossing,Female
190,Lyndsay Skillanders,+98-517-408-6556,38,9 Scofield Drive,Female
191,Eydie Beades,+62-161-314-7303,30,778 Kedzie Junction,Female
192,Abba Francesch,+509-476-740-2114,22,0936 Graedel Terrace,Male
193,Brooks Concklin,+33-482-721-9165,20,0 Summerview Junction,Female
194,Gawen De Santos,+58-799-736-9529,25,01 Towne Circle,Male
195,Elita Bernardin,+86-429-639-1282,44,42394 Vermont Circle,Female
196,Gibb Attewill,+55-327-521-6270,34,7298 Susan Road,Male
197,Kamilah Gorringe,+351-276-915-1807,20,6 Clove Hill,Female
198,Basile Hutchin,+374-932-555-7466,42,65 Anderson Park,Male
199,Margalit Kulicke,+86-743-895-6183,34,58374 Center Place,Female
200,Iago Milbourne,+63-771-605-8862,25,57 Troy Center,Male
201,Carolus Durnell,+1-235-258-7930,43,73 Continental Plaza,Male
202,Ardith Tysack,+62-238-822-7108,28,50 Barnett Hill,Female
203,Dyana Deely,+7-902-621-1400,29,2 Pennsylvania Junction,Female
204,Ugo Beagen,+48-112-414-2033,29,725 Mesta Parkway,Male
205,Timmy Fishwick,+355-374-138-8694,20,0870 Thackeray Center,Male
206,Andree Juorio,+63-141-772-9811,20,4 Chinook Lane,Female
207,Sidney Sprason,+968-226-122-2404,32,291 Del Sol Hill,Male
208,Nancie Mouncey,+7-168-872-6708,37,10137 Mallard Terrace,Female
209,Haily Merrell,+48-422-587-3245,32,17394 Warner Hill,Female
210,Ema Allenby,+63-489-665-4382,32,9 Butternut Avenue,Female
211,Delora Jennemann,+49-688-981-8701,25,40 Autumn Leaf Circle,Female
212,Gwyn Filippone,+46-827-829-5359,43,99 Acker Place,Female
213,Ervin Pemble,+48-177-928-7025,42,8 Sullivan Alley,Male
214,Imogene Cauldwell,+358-684-365-0494,29,92 East Pass,Female
215,Clarence Buttner,+34-523-941-1993,29,6 Morrow Pass,Male
216,Lian Nudds,+66-387-363-9389,31,42949 Buena Vista Circle,Female
217,Broderic Bignal,+62-168-930-2609,25,90 Russell Circle,Male
218,Alec Neiland,+62-857-456-4361,23,27289 Bartelt Alley,Male
219,Benedicto Yggo,+380-928-636-8032,40,9 Everett Center,Male
220,Neill Augustin,+1-854-756-2604,26,28 Larry Circle,Male
221,Lucretia Cook,+86-903-642-3165,20,52 Straubel Avenue,Female
222,Mellicent Kynforth,+675-110-710-1320,38,33 Welch Circle,Female
223,Wiatt Banger,+261-749-191-7115,34,928 Straubel Hill,Male
224,Trefor Scarse,+48-874-883-5211,43,58 Toban Park,Male
225,Lara Greenlies,+1-917-176-2753,20,957 Swallow Road,Female
226,Abramo Hancill,+92-216-654-6011,41,4 Continental Terrace,Male
227,Montgomery Astles,+381-426-621-0060,42,82369 Paget Lane,Male
228,Brady Meconi,+86-769-455-2599,39,7 Chive Terrace,Male
229,Joellyn Barttrum,+33-733-819-2258,29,930 Melby Way,Female
230,Zondra Tuckett,+381-407-672-2479,32,28 Express Road,Female
231,Earvin Gisbye,+255-168-142-7012,36,6750 Namekagon Terrace,Male
232,Wake Menego,+48-344-411-9366,22,393 7th Avenue,Male
233,Rafaelita McGrory,+62-583-477-9121,38,384 Eggendart Point,Female
234,Derk Mount,+1-313-718-8014,44,6523 Iowa Drive,Male
235,Rawley Kroon,+7-647-543-3506,38,0586 Main Drive,Male
236,Orlando Macellar,+55-691-853-8588,27,72256 Butterfield Alley,Male
237,Ive Skelington,+86-642-262-3498,20,0694 Utah Court,Male
238,Hyatt Calles,+98-233-723-2953,25,688 Northland Hill,Male
239,Michaela Fairbeard,+54-553-721-1882,27,630 Grover Lane,Female
240,Loralyn Ragbourne,+86-323-128-6229,21,94 Old Shore Point,Female
241,Electra Chilcott,+33-635-194-5800,43,0631 Dakota Parkway,Female
242,Lacy O'Fairy,+591-136-310-3733,22,904 Dawn Junction,Female
243,Marianna Pitman,+86-301-439-4518,25,07471 Pepper Wood Road,Female
244,Aeriela Earthfield,+1-585-337-5777,30,94241 Lindbergh Pass,Female
245,Cassandre Belone,+7-950-795-0536,23,3792 Hauk Terrace,Female
246,Sax Isoldi,+504-641-110-4332,20,11846 Thackeray Hill,Male
247,Eba Oby,+1-805-740-0691,35,21 Jenna Park,Female
248,Rora Frayne,+86-413-693-0045,21,842 Sunbrook Road,Female
249,Reggie Wybern,+86-104-604-3666,23,4 Kinsman Hill,Female
250,Jennica Potell,+420-729-725-0440,27,152 Old Shore Terrace,Female
251,Johny Spraberry,+7-823-986-9497,27,8 Mallard Parkway,Male
252,Giacomo Bruyet,+86-976-617-3588,30,743 Parkside Alley,Male
253,Corissa Papez,+86-934-863-4321,33,26 Melody Alley,Female
254,Grantham Iffland,+86-597-367-6333,34,84578 Haas Trail,Male
255,Domini Roelofs,+62-552-333-5740,24,13 Katie Avenue,Female
256,Barbi Fitch,+63-788-376-6745,40,8768 Lyons Point,Female
257,Tanhya Bevan,+86-385-766-0561,34,6 Mccormick Junction,Female
258,Perren Gisby,+86-497-640-9606,24,5 Mitchell Way,Male
259,Lennard Burr,+46-691-633-3521,26,5836 Anderson Avenue,Male
260,Noel Niccols,+81-563-459-8170,34,73630 Badeau Point,Male
261,Jeannine Simonato,+63-665-514-0495,40,107 Colorado Lane,Female
262,Towney Recher,+351-320-949-3663,33,34730 Westport Pass,Male
263,Thane Wakerley,+33-585-836-7707,20,98 Westridge Plaza,Male
264,Cirillo Gouldbourn,+66-821-678-4003,41,8 Heath Point,Male
265,Garwood Tarplee,+86-739-600-6932,22,639 Lindbergh Circle,Male
266,Nathan Callen,+66-594-266-0181,34,1622 Sutherland Avenue,Male
267,Dorena Ballinghall,+48-459-583-6675,29,658 Thierer Point,Female
268,Kelcie Grichukhin,+66-746-184-2660,23,1 Shopko Parkway,Female
269,Garrot Rosenhaus,+55-773-584-7425,24,112 Fisk Road,Male
270,Adam Crimin,+970-260-476-9657,28,73098 Tomscot Circle,Male
271,Latisha Biaggioni,+351-726-356-1410,23,238 Novick Road,Female
272,Bancroft Hencke,+420-748-660-0862,30,1810 Erie Park,Male
273,Shantee Thouless,+351-612-177-4272,33,63242 Jackson Lane,Female
274,Ashlie Isaksson,+86-692-198-2967,34,19 Messerschmidt Alley,Female
275,Allison Rounsefell,+86-289-125-5916,31,7 8th Junction,Female
276,Papagena Leatherland,+372-341-291-5101,45,923 Hoard Circle,Female
277,Tresa Alywin,+86-589-935-6509,32,02 Sage Avenue,Female
278,Cal Gianulli,+1-469-461-5680,22,8666 Grayhawk Plaza,Male
279,Che Doornbos,+86-648-650-3447,39,674 Sommers Park,Male
280,Wenda Lemme,+52-445-447-2672,24,8078 Glacier Hill Lane,Female
281,Maddie Shrimpling,+48-900-485-0017,23,74 Huxley Avenue,Female
282,Rachel Huntingdon,+86-471-630-4260,23,26182 Corscot Parkway,Female
283,Olivier Moreland,+92-651-489-4419,36,37 Susan Street,Male
284,Milt Healings,+63-386-151-9035,31,3 Kingsford Parkway,Male
285,Nikola Cortez,+7-719-491-0069,37,9 Hayes Crossing,Male
286,Cally MacVean,+63-271-515-9507,29,9 Upham Circle,Female
287,Maggi Tomczynski,+86-483-119-1672,33,7 Commercial Place,Female
288,Des Medhurst,+358-259-146-6190,24,56 Darwin Avenue,Male
289,Melamie Gabey,+7-699-823-4201,21,1 Bellgrove Center,Female
290,Noland Yesson,+380-573-529-6034,27,653 Morrow Street,Male
291,Genia Lezemere,+63-319-380-2709,27,7 Forest Dale Terrace,Female
292,Walliw Koch,+86-748-250-7102,39,609 Mallard Place,Female
293,Saunderson Clemmow,+51-719-221-3747,31,6955 Carberry Center,Male
294,Dani Robeiro,+7-418-247-8955,28,640 Rockefeller Drive,Male
295,Dun Hillett,+86-629-528-4623,42,8985 Kinsman Drive,Male
296,Gretal Boorman,+963-535-161-5656,36,3113 Vahlen Lane,Female
297,Sadie Stooders,+62-140-674-4007,20,17 Independence Way,Female
298,Hetti Rawcliff,+63-596-512-5400,26,77507 Green Terrace,Female
299,Wendall Maylin,+30-411-396-5157,31,599 Nancy Court,Male
300,Marge Garrattley,+30-315-700-4831,37,0789 Blaine Junction,Female
301,Thorn Mumby,+66-292-818-4643,26,61 Kenwood Trail,Male
302,Gonzales Dri,+1-670-640-8235,25,09 John Wall Junction,Male
303,Stearn Bettam,+52-509-405-1904,40,9152 Hintze Terrace,Male
304,Odelinda Freeberne,+62-768-301-6107,37,2 Magdeline Way,Female
305,Lance Jakobsson,+81-808-229-1232,26,2 Hanson Trail,Male
306,Germana Redmire,+506-535-442-3104,22,919 International Parkway,Female
307,Shirleen Slorance,+49-550-404-8365,45,55 Ohio Terrace,Female
308,Pegeen Hartburn,+48-484-773-2362,43,5204 Reindahl Circle,Female
309,Willy Kings,+62-114-172-0629,39,871 Clarendon Circle,Male
310,Elissa Edelheit,+86-806-472-5000,28,0 Brickson Park Junction,Female
311,Francoise Cranmor,+62-275-980-6111,36,3 Haas Way,Female
312,Karla Hay,+54-234-221-0479,44,6159 Clyde Gallagher Pass,Female
313,Gus Massy,+55-270-321-7978,23,84992 Dovetail Alley,Male
314,Joly Vondrasek,+61-804-961-3336,25,379 Loeprich Lane,Female
315,Leontine Flarity,+1-412-731-0556,33,5089 Moland Trail,Female
316,Orelie Dorward,+86-607-985-9158,25,502 Sugar Hill,Female
317,Barnie Stoate,+351-983-343-1429,33,13 Hallows Point,Male
318,Arlina Dealtry,+86-588-834-0997,28,345 Eagan Center,Female
319,Jens Minihane,+54-397-471-5720,29,481 Westridge Drive,Male
320,Barnebas McCleary,+30-497-317-8645,35,58739 Derek Road,Male
321,Hew Tempest,+48-254-310-9607,21,68 Merry Center,Male
322,Cloris Cuffin,+355-516-706-5931,38,7194 Muir Alley,Female
323,Anabel Simkovitz,+1-314-637-8314,39,6 Hollow Ridge Pass,Female
324,Rozanna Van der Spohr,+62-622-462-9181,33,53120 South Drive,Female
325,Ethelind Albasiny,+998-273-272-6088,42,700 Express Center,Female
326,Fabio Clout,+62-893-731-6827,36,15493 Donald Junction,Male
327,Norrie Peasegod,+86-358-382-1727,26,6 Dottie Park,Male
328,Michele Naish,+351-685-293-1739,24,79491 Chive Street,Male
329,Alison Grimwad,+46-437-972-9945,26,046 Manley Lane,Female
330,Penrod Goodbourn,+81-750-490-1057,30,22 Declaration Drive,Male
331,Roxy Joriot,+62-423-378-8070,31,1 Dayton Road,Female
332,Carlotta Stanex,+86-739-515-4018,40,27879 Waxwing Alley,Female
333,Sydney Scurr,+48-287-157-2371,33,73 Eggendart Point,Male
334,Kendra Stitch,+381-533-236-4835,21,16759 Portage Trail,Female
335,Clywd Crimin,+7-800-808-7108,38,7501 Twin Pines Way,Male
336,Dael Boecke,+63-318-412-0220,34,6 Susan Plaza,Male
337,Phyllida Randell,+46-206-135-4091,23,1290 Pierstorff Court,Female
338,Gusta Deverille,+46-103-871-2033,37,0 Spohn Junction,Female
339,Andi Habard,+86-111-478-4408,21,3 Maple Plaza,Female
340,Giffer Juett,+351-526-331-4968,45,79853 Anzinger Parkway,Male
341,Eamon Thecham,+57-959-954-7961,34,417 Morning Hill,Male
342,Elle MacAlinden,+84-813-427-9367,27,78 Lunder Way,Female
343,Gabriella Paskin,+63-564-642-5952,26,67 Novick Lane,Female
344,Melly Stickens,+420-955-544-1344,43,869 Rockefeller Circle,Female
345,Eduard Hallward,+52-381-181-9178,32,6 Cody Point,Male
346,Nobie Cutchie,+82-210-328-5022,21,0 Ruskin Center,Male
347,Jane Fallawe,+224-725-461-2321,27,781 Donald Pass,Female
348,Rosabella Yes,+46-636-856-7333,34,5 Graceland Pass,Female
349,Calli Pietri,+86-652-929-1242,28,5 Hudson Court,Female
350,Jarred De Angelo,+58-458-703-1339,44,2285 Homewood Pass,Male
351,Nobe Simonsson,+30-267-738-7378,29,8186 Memorial Terrace,Male
352,Jaquelyn Stallebrass,+351-423-229-1149,40,36 Elka Junction,Female
353,Jammal De Bischop,+86-801-762-8883,36,039 Westend Hill,Male
354,Con Bramwich,+7-720-278-5180,39,593 Hollow Ridge Place,Male
355,Nevins Amiranda,+7-596-446-9712,37,057 Beilfuss Park,Male
356,Davon Minghi,+30-376-373-4024,29,9 Claremont Way,Male
357,Tuesday Ketton,+63-304-390-8019,30,186 Birchwood Drive,Female
358,Lamond Toulamain,+92-314-949-5037,20,593 Rutledge Alley,Male
359,Lorianna Purvess,+62-814-623-0191,22,601 Warner Park,Female
360,Kacie Werndley,+7-521-627-7665,37,75 3rd Place,Female
361,Claudette Drayton,+62-615-835-4182,40,05154 Ridgeview Plaza,Female
362,Tommie Cresswell,+63-499-380-1776,35,8671 Farragut Junction,Male
363,Noni Harsum,+351-331-525-8495,37,6203 Haas Center,Female
364,Morry Soldi,+63-300-822-7158,20,0610 Linden Alley,Male
365,Margi Santore,+36-245-117-4628,23,6 Stang Circle,Female
366,Llywellyn Dwerryhouse,+420-785-779-6356,33,1304 Mccormick Avenue,Male
367,Anny Redhole,+30-429-592-3491,30,5 Superior Point,Female
368,Lucina Colquhoun,+380-553-440-9733,34,30507 Northview Trail,Female
369,Joline Kennicott,+86-373-481-3578,23,2958 Nevada Avenue,Female
370,Mario Dumblton,+44-741-638-1192,31,30 Onsgard Place,Male
371,Loralyn Grimster,+504-882-470-9102,44,13 Delladonna Street,Female
372,Garrik Daws,+389-748-378-4677,23,3667 Twin Pines Circle,Male
373,Darrick Mawne,+62-937-361-7018,34,3659 Fairfield Place,Male
374,Agnola Latimer,+260-523-606-1240,22,9 Forest Hill,Female
375,Taylor Redemile,+48-552-491-2387,31,4 Ridgeview Avenue,Male
376,Silvester Dimock,+387-499-756-2859,31,90 Ridge Oak Point,Male
377,Roxana Lukianov,+62-360-442-2107,23,2 Killdeer Center,Female
378,Frederich Emmanuel,+256-356-265-1898,31,96 Maywood Drive,Male
379,Don Mullinger,+7-991-434-0660,31,54 Mallory Parkway,Male
380,Morten Toon,+86-166-229-8952,36,9626 East Street,Male
381,Shayla Dalgarnowch,+54-179-441-1297,39,1 Lakewood Gardens Center,Female
382,Jada Binestead,+57-839-768-2631,27,33 Larry Avenue,Female
383,Dode Ridgway,+86-631-218-5296,23,25109 Manitowish Park,Female
384,Serge Dikels,+86-529-210-3158,36,72304 Linden Avenue,Male
385,Eva Dumbreck,+976-212-894-9916,38,41 Rieder Place,Female
386,Dareen Speechly,+62-928-404-8211,39,04753 Sauthoff Trail,Female
387,Ursala Kimbley,+62-813-240-0309,36,81834 Rigney Court,Female
388,Rice Duffy,+228-445-262-4510,23,5 Drewry Circle,Male
389,Romona Hartmann,+55-232-993-9040,30,605 Shoshone Street,Female
390,Derrek Donoher,+1-902-886-0779,27,6623 Moulton Drive,Male
391,Jervis Ackerley,+7-559-693-3007,41,1 Corscot Avenue,Male
392,Gunter Comsty,+86-671-804-0513,40,78 Merrick Hill,Male
393,Bryan Ferroni,+267-910-845-1727,34,107 Schurz Court,Male
394,Godiva Guille,+268-671-179-3932,40,5 Anthes Road,Female
395,Ronna Vokes,+44-139-706-4974,23,5 Quincy Plaza,Female
396,Simmonds Vaudin,+351-155-112-9996,36,80273 Novick Crossing,Male
397,Oona Bonafacino,+86-550-366-8432,24,8046 Gulseth Hill,Female
398,Stephannie Denerley,+48-688-651-1912,38,833 Luster Park,Female
399,Clevey Roeby,+86-102-884-4719,29,15071 Morningstar Drive,Male
400,Yankee Longfoot,+63-682-156-2067,40,3 Del Sol Plaza,Male
401,Nick Filkov,+46-729-823-0144,30,02458 Grover Trail,Male
402,Engelbert Scyner,+33-945-740-7716,38,5 Veith Avenue,Male
403,Zachery Ridger,+33-404-880-0863,44,94 Annamark Alley,Male
404,Georgie Sargeaunt,+32-513-651-4818,36,19816 Melvin Place,Male
405,Celesta Vasiliev,+81-979-701-1814,31,329 Rigney Terrace,Female
406,Adiana Twigger,+33-411-189-4585,38,32 Briar Crest Place,Female
407,Carol-jean Paolo,+420-563-967-1741,34,33 Schiller Way,Female
408,Bobbi Northwood,+86-921-442-8228,29,2 Fairview Way,Female
409,Norbie Juszczak,+86-336-771-5539,45,528 Michigan Drive,Male
410,Jakie Moscon,+86-867-233-3413,30,2 Armistice Avenue,Male
411,Northrup Enoksson,+93-758-387-0619,37,00701 Thierer Alley,Male
412,Derron Angel,+86-970-196-8418,41,2237 Caliangt Parkway,Male
413,Tull Petrak,+86-474-589-9299,23,58 Merrick Center,Male
414,Klement Pachta,+46-760-789-0668,34,66292 Gulseth Lane,Male
415,Ignatius O'Callaghan,+86-523-910-4153,20,3 Sommers Center,Male
416,Morey Sully,+81-717-384-1026,26,30691 Oxford Terrace,Male
417,Killian Bindon,+7-751-390-2482,37,6 Truax Plaza,Male
418,Erik Pren,+57-713-725-8622,28,0 Eastwood Drive,Male
419,Tildi Strutley,+46-959-376-6153,35,1 Colorado Circle,Female
420,Keene Flaonier,+55-529-667-6006,45,47 Lakeland Crossing,Male
421,Janene Cotterell,+62-723-493-2291,43,9 Gale Center,Female
422,Lovell Di Roberto,+234-607-231-5022,22,73 Utah Lane,Male
423,Seymour McGow,+86-717-467-7515,21,0343 Texas Junction,Male
424,Ursuline Clulow,+55-611-866-8422,40,54919 Declaration Junction,Female
425,Janek Keene,+62-747-725-3351,27,717 Corry Place,Male
426,Haleigh Moughtin,+84-830-997-5608,30,93 Maryland Terrace,Male
427,Max MacCague,+98-610-543-4616,44,8811 Almo Junction,Female
428,Tandi Spurrior,+63-904-355-9231,20,060 Derek Crossing,Female
429,Karin Tallquist,+62-772-297-5020,39,3479 Lakewood Gardens Terrace,Female
430,Leon Pardi,+381-807-753-6822,26,085 Eagle Crest Plaza,Male
431,Ephrayim Foad,+62-908-542-0014,43,01 Moland Terrace,Male
432,Catie Davidek,+62-501-641-9976,24,40549 Hayes Lane,Female
433,Cammy Ralph,+7-383-888-7256,22,8 Mayfield Drive,Male
434,Janessa Tripp,+86-398-275-0025,22,46 Washington Alley,Female
435,Sande Normanville,+976-776-142-3537,33,12 Northland Crossing,Female
436,Vidovic Degoy,+1-203-652-5233,36,820 Warbler Circle,Male
437,Jereme Congreve,+86-146-342-5950,35,9022 1st Hill,Male
438,Burt Bulward,+351-523-623-8813,44,421 Hansons Crossing,Male
439,Ike Tingly,+86-745-221-7897,20,21 Old Shore Point,Male
440,Murvyn Drayn,+967-665-729-6737,44,61 Harbort Way,Male
441,Celina Linebarger,+82-442-740-8655,37,7 Dennis Street,Female
442,Sanders Panswick,+41-594-920-7285,32,96558 Delladonna Park,Male
443,Kissee Crowley,+66-584-208-4468,34,32040 Mayer Plaza,Female
444,Eimile Fursse,+1-229-361-9062,27,58936 Sheridan Circle,Female
445,Kellsie Borer,+500-507-995-2671,21,262 Kings Center,Female
446,Killy Roelofs,+86-286-263-5454,32,1664 Southridge Lane,Male
447,Johann Drohun,+385-346-867-7329,41,779 Crest Line Parkway,Male
448,Brandy Harper,+1-215-866-6565,22,5792 Karstens Parkway,Male
449,Briggs Arcase,+503-979-538-1967,44,767 Jenifer Hill,Male
450,Dallis Jimmison,+86-265-179-7062,34,54 Hanover Alley,Male
451,Haley Volkes,+84-816-943-2881,40,50 Mifflin Lane,Male
452,Lemmie Handmore,+48-597-521-4263,33,0226 Kinsman Crossing,Male
453,Dionisio Job,+33-193-188-9303,21,4229 Reindahl Point,Male
454,Wini Clay,+62-682-478-0713,25,1296 Continental Alley,Female
455,Buiron Lote,+66-184-854-9437,42,887 Arizona Junction,Male
456,Romonda Nutbeam,+86-768-900-8095,36,0719 Stephen Road,Female
457,Farah Maylin,+33-168-742-6583,39,14 Messerschmidt Street,Female
458,Ewell Hassett,+242-665-766-1777,32,337 Longview Plaza,Male
459,Debor Hacon,+1-540-335-0434,34,73 Vidon Place,Female
460,Linette Lumm,+48-796-135-5824,34,4237 Maple Way,Female
461,Melamie Willson,+86-949-271-5825,35,297 Golf View Court,Female
462,Edouard Jonas,+63-629-933-4101,37,92768 Melody Trail,Male
463,Ange Innerstone,+1-470-627-3254,22,00201 Gina Court,Female
464,Marianna Mulhill,+66-780-864-1664,22,09 Farmco Terrace,Female
465,Enriqueta Hovenden,+507-790-275-4724,42,9412 Carberry Pass,Female
466,Briney Brandle,+86-686-494-2940,25,7017 Maple Wood Plaza,Female
467,Jobey Hamshere,+33-988-672-5754,26,0 Mesta Lane,Female
468,Joela O'Kane,+62-994-356-9006,30,9714 Brickson Park Parkway,Female
469,Barbey Weekley,+357-235-960-1290,25,40 Troy Junction,Female
470,Carmella Strauss,+1-199-220-3243,22,479 Dwight Street,Female
471,Fabian Trubshaw,+1-179-589-2237,37,743 Melody Trail,Male
472,Eli Father,+86-704-255-8900,30,3857 Orin Trail,Male
473,Adamo Gyrgorcewicx,+48-207-283-1636,44,9 Arkansas Terrace,Male
474,Gerri Dewicke,+62-298-197-7771,40,243 Lighthouse Bay Circle,Female
475,Avictor Gergher,+86-873-501-6340,36,2988 Fairfield Circle,Male
476,Florella Searle,+63-752-349-4750,45,92544 Paget Center,Female
477,Ronnica Cliss,+212-829-510-7802,34,2 Pankratz Crossing,Female
478,Jim Boor,+86-384-402-4624,42,73269 Oak Valley Court,Male
479,Keeley Hendrik,+86-644-732-2844,32,250 Jenna Alley,Female
480,Emylee Sigert,+7-364-661-0336,40,293 Garrison Street,Female
481,Elwood Caile,+62-233-665-3128,22,372 Evergreen Way,Male
482,Lester Le - Count,+351-570-359-0341,39,66 Golf Course Center,Male
483,Eamon Boule,+7-875-820-1933,41,5 Aberg Hill,Male
484,Isabella Wrist,+62-441-757-4671,37,9 Clemons Street,Female
485,Janela Parkhouse,+251-601-505-8854,30,867 Service Crossing,Female
486,Tory Stainburn,+86-820-666-5198,37,56083 Melrose Circle,Female
487,Theobald Bountiff,+62-481-345-6912,32,1 La Follette Crossing,Male
488,Hyman MacSween,+62-541-474-9373,44,1 Eagan Alley,Male
489,Emery Giblin,+351-886-877-0028,30,26649 Fallview Parkway,Male
490,Letizia Hallwood,+507-558-359-3904,22,2786 Summer Ridge Plaza,Female
491,Thaine Ivie,+380-924-266-0468,41,58714 Eagle Crest Park,Male
492,Stanislas Haken,+86-520-146-9790,20,5294 Stuart Plaza,Male
493,Danella Hargreave,+235-843-176-6324,39,3 Donald Court,Female
494,Jorrie Winsiowiecki,+86-640-464-6565,42,501 Lawn Drive,Female
495,Deeann De Blase,+46-764-275-3349,45,4 Memorial Hill,Female
496,Ado Dibdall,+51-157-542-8845,20,124 Vermont Hill,Male
497,Wilona Spaven,+86-318-550-4951,37,10 Arizona Drive,Female
498,Cecil Jaher,+86-434-880-8920,33,6 Green Point,Male
499,Silvain Zielinski,+372-185-133-7040,28,5 Main Street,Male
500,Rodger Todaro,+86-475-405-6279,38,28 Graedel Way,Male
